n,lf model,hf iter,lf iter,mf iter,mf score,mf mass,mf EI,hf score,hf mass,hf EI,lf score,lf mass,lf EI,hf time,lf time,mf time
1,equiv_cant,10,20,50,2406.6070362636538,0.04305677555016085,4153.5760150914875,2.3701947563212853,0.06135922653042103,3022211.2613231195,2.3701947563212853,0.06135922653042103,3022211.2613231195,5.279521226882935,5.730587005615234,21.953596830368042
